Name,Image,Buy,Category,Source,Filename,Version Added,Unique Entry ID
brick bridge,,198000,Bridge,Resident Services Upgrade,BridgeBricks,1.0.0,Rvkrg9tcubTMakcBS
iron bridge,,228000,Bridge,Resident Services Upgrade,BridgeIron,1.0.0,RmQ6iiKkFf3Sy4iSQ
log bridge,,98000,Bridge,Resident Services Upgrade,BridgeLog,1.0.0,Px55sTfjKSbbMtjAK
red zen bridge,,228000,Bridge,Resident Services Upgrade,BridgeRed,1.0.0,jTziEHXkeYaugKDQQ
stone bridge,,168000,Bridge,Resident Services Upgrade,BridgeStone,1.0.0,JmrwC2tRRCCgbZnrp
suspension bridge,,129800,Bridge,Resident Services Upgrade,BridgeSuspension,1.0.0,q52JebMTHDqHJKBba
wooden bridge,,168000,Bridge,Resident Services Upgrade,BridgeWood,1.0.0,7oZ7FMrJEpBLZzsmw
zen bridge,,228000,Bridge,Resident Services Upgrade,BridgeJapanese,1.0.0,TbKbHzJM8j8ezmAEF
basic door,,5000,Door,4th House Upgrade (Right Room),HouseDoorCercleWindowAR,1.0.0,HrAsZSpm2pRj2u8ad
beige basic door,,5000,Door,4th House Upgrade (Right Room),HouseDoorCercleWindowGR,1.0.0,uF4YeCTGBx4Tawcp8
beige simple door,,5000,Door,4th House Upgrade (Right Room),HouseDoorSimpleBR,1.0.0,jQFLgioHYBRbRkBYK
beige windowed door,,5000,Door,4th House Upgrade (Right Room),HouseDoorWindowGR,1.0.0,oMqf22Pf8fZzeoJdY
beige wooden door,,5000,Door,4th House Upgrade (Right Room),HouseDoorStandardGR,1.0.0,N5LASg9qjhgexBMe7
black common door,,5000,Door,4th House Upgrade (Right Room),HouseDoorReliefHR,1.0.0,6mmdmWbK5ZRpbCsWc
black fancy door,,5000,Door,4th House Upgrade (Right Room),HouseDoorCarvingBR,1.0.0,3ZahH8gvtHGdkEM68
black imperial door,,5000,Door,4th House Upgrade (Right Room),HouseDoorChineseHR,1.0.0,qT9ghD7YkZpMDgBDf
black latticework door,,5000,Door,4th House Upgrade (Right Room),HouseDoorLatticeHR,1.0.0,Kzu4WsZwmSWzLdMC6
black rustic door,,5000,Door,4th House Upgrade (Right Room),HouseDoorSimplicityDR,1.0.0,TKDhdqyJBdrz8yQt6
black vertical-panes door,,5000,Door,4th House Upgrade (Right Room),HouseDoorVerticalWindowHR,1.0.0,Z4efmoeAjzYLhTsKJ
black zen door,,5000,Door,4th House Upgrade (Right Room),HouseDoorJapaneseER,1.0.0,AxrkW9SNKqmh9kX4S
blue basic door,,5000,Door,4th House Upgrade (Right Room),HouseDoorCercleWindowER,1.0.0,BxqZmtEty82NDo8J3
blue common door,,5000,Door,4th House Upgrade (Right Room),HouseDoorReliefCR,1.0.0,hfWfx4mxev3qjp2zH
blue fancy door,,5000,Door,4th House Upgrade (Right Room),HouseDoorCarvingER,1.0.0,fm6MupiuPAK6HPNNj
blue iron door,,5000,Door,4th House Upgrade (Right Room),HouseDoorIronCR,1.0.0,5tgy5p3AE38NBeG9B
blue latticework door,,5000,Door,4th House Upgrade (Right Room),HouseDoorLatticeFR,1.0.0,JwdJLi5HHZe24DmkF
blue metal-accent door,,5000,Door,4th House Upgrade (Right Room),HouseDoorIronpartsCR,1.0.0,YB3NZt9RRYJroWRcn
blue rustic door,,5000,Door,4th House Upgrade (Right Room),HouseDoorSimplicityFR,1.0.0,8k4sCwWWqugmTYuw6
blue simple door,,5000,Door,4th House Upgrade (Right Room),HouseDoorSimpleDR,1.0.0,cN2eTBiAPt2Bv8GTK
blue vertical-panes door,,5000,Door,4th House Upgrade (Right Room),HouseDoorVerticalWindowDR,1.0.0,AJB8xQLjaJR2WrHBv
blue windowed door,,5000,Door,4th House Upgrade (Right Room),HouseDoorWindowER,1.0.0,i5JLZk2vdr5jZ9nBC
blue wooden door,,5000,Door,4th House Upgrade (Right Room),HouseDoorStandardER,1.0.0,okXxYSYZ8o2vceKQG
brown imperial door,,5000,Door,4th House Upgrade (Right Room),HouseDoorChineseBR,1.0.0,SN5ik2H7HfGLuG9EN
brown latticework door,,5000,Door,4th House Upgrade (Right Room),HouseDoorLatticeAR,1.0.0,a4Mft9ihDSpo4jusc
brown metal-accent door,,5000,Door,4th House Upgrade (Right Room),HouseDoorIronpartsFR,1.0.0,8eztTyD69pNsq7Eee
brown zen door,,5000,Door,4th House Upgrade (Right Room),HouseDoorJapaneseCR,1.0.0,3bWWrFPG7N5NcAKbS
burgundy basic door,,5000,Door,4th House Upgrade (Right Room),HouseDoorCercleWindowDR,1.0.0,vuSF9u2vtgf95NREh
common door,,5000,Door,4th House Upgrade (Right Room),HouseDoorReliefAR,1.0.0,8Gx8LKMb7ipbF9qKa
cyan vertical-panes door,,5000,Door,4th House Upgrade (Right Room),HouseDoorVerticalWindowJR,1.0.0,CTyPWnQDRGqMcDEyf
dark-brown iron grill door,,5000,Door,4th House Upgrade (Right Room),HouseDoorIronGrillGR,1.0.0,CQFAjS99WqxTu4QDJ
deep-green simple door,,5000,Door,4th House Upgrade (Right Room),HouseDoorSimpleGR,1.0.0,Gyibc6G9u5Zv4fMdJ
gray common door,,5000,Door,4th House Upgrade (Right Room),HouseDoorReliefFR,1.0.0,mEBW6Y6gLFpBpibwA
gray iron door,,5000,Door,4th House Upgrade (Right Room),HouseDoorIronGR,1.0.0,27cPAfi2DYBEzzgto
gray iron grill door,,5000,Door,4th House Upgrade (Right Room),HouseDoorIronGrillHR,1.0.0,uzLEvMD46GzBZQ3mN
gray latticework door,,5000,Door,4th House Upgrade (Right Room),HouseDoorLatticeER,1.0.0,ZCfMjY9ED5jW87aZY
gray simple door,,5000,Door,4th House Upgrade (Right Room),HouseDoorSimpleCR,1.0.0,QjS2nzSqHCLCcLGKQ
gray windowed door,,5000,Door,4th House Upgrade (Right Room),HouseDoorWindowFR,1.0.0,Y7W4HKFy49BLvabBD
gray wooden door,,5000,Door,4th House Upgrade (Right Room),HouseDoorStandardFR,1.0.0,C2LhRZFynjh6x5gQB
green basic door,,5000,Door,4th House Upgrade (Right Room),HouseDoorCercleWindowBR,1.0.0,jDYnxjeL9zxWFsYM3
green common door,,5000,Door,4th House Upgrade (Right Room),HouseDoorReliefDR,1.0.0,3xcS4XeYXbi6A4JJc
green imperial door,,5000,Door,4th House Upgrade (Right Room),HouseDoorChineseER,1.0.0,h59gk2epKc9ALPoF9
green iron door,,5000,Door,4th House Upgrade (Right Room),HouseDoorIronER,1.0.0,CH2gZGRicug5TB5nF
green iron grill door,,5000,Door,4th House Upgrade (Right Room),HouseDoorIronGrillCR,1.0.0,fNwKPm8gu5pnoNZ2H
green metal-accent door,,5000,Door,4th House Upgrade (Right Room),HouseDoorIronpartsDR,1.0.0,gveHmLcPh9uNLMFB8
green rustic door,,5000,Door,4th House Upgrade (Right Room),HouseDoorSimplicityJR,1.0.0,YyyhicaCZuYCAd4hm
green vertical-panes door,,5000,Door,4th House Upgrade (Right Room),HouseDoorVerticalWindowCR,1.0.0,DAwzGNJimCfi6XuPY
green windowed door,,5000,Door,4th House Upgrade (Right Room),HouseDoorWindowDR,1.0.0,CHTZZvpsuYP2ZvEtm
green wooden door,,5000,Door,4th House Upgrade (Right Room),HouseDoorStandardDR,1.0.0,qj2PXQwBkjoDPMSDc
green-apple basic door,,5000,Door,4th House Upgrade (Right Room),HouseDoorCercleWindowJR,1.0.0,mH3kwkiNAW9Tgg5XH
green-apple common door,,5000,Door,4th House Upgrade (Right Room),HouseDoorReliefIR,1.0.0,oe58QsaRvnF9dQ9Eg
imperial door,,5000,Door,4th House Upgrade (Right Room),HouseDoorChineseAR,1.0.0,BbeW2wNrRMq4PkQB5
iron door,,5000,Door,4th House Upgrade (Right Room),HouseDoorIronAR,1.0.0,yE4x5zcn95mcNNf2f
iron grill door,,5000,Door,4th House Upgrade (Right Room),HouseDoorIronGrillAR,1.0.0,Cgd6XZxLfYLbuRqoC
lacquered zen door,,5000,Door,4th House Upgrade (Right Room),HouseDoorJapaneseFR,1.0.0,soxZojTeCikxb9q53
latticework door,,5000,Door,4th House Upgrade (Right Room),HouseDoorLatticeDR,1.0.0,jexi2bbNCwn2j3JvC
light-green rustic door,,5000,Door,4th House Upgrade (Right Room),HouseDoorSimplicityGR,1.0.0,n5cEgH77z99n3rT8i
maple iron grill door,,5000,Door,4th House Upgrade (Right Room),HouseDoorIronGrillBR,1.0.0,FW8NZXxWLT4hY6Nj3
maple rustic door,,5000,Door,4th House Upgrade (Right Room),HouseDoorSimplicityCR,1.0.0,cuDwoeXKD2jdQEPvQ
maple vertical-panes door,,5000,Door,4th House Upgrade (Right Room),HouseDoorVerticalWindowBR,1.0.0,uKkrQ5yBYWQMmerB7
maple windowed door,,5000,Door,4th House Upgrade (Right Room),HouseDoorWindowBR,1.0.0,bTb3Quno8Hhs7ASK2
maple wooden door,,5000,Door,4th House Upgrade (Right Room),HouseDoorStandardBR,1.0.0,zvWtASTxgTYBunTDz
metal-accent door,,5000,Door,4th House Upgrade (Right Room),HouseDoorIronpartsAR,1.0.0,EivvfJTS98tFNbuno
pale-blue basic door,,5000,Door,4th House Upgrade (Right Room),HouseDoorCercleWindowFR,1.0.0,LnLiK3nvaaGqMSJbo
pale-blue iron grill door,,5000,Door,4th House Upgrade (Right Room),HouseDoorIronGrillDR,1.0.0,LGernbHCg8R4Kcs8f
pale-purple rustic door,,5000,Door,4th House Upgrade (Right Room),HouseDoorSimplicityIR,1.0.0,HEczAiQ4dHwB5zh5i
pink basic door,,5000,Door,4th House Upgrade (Right Room),HouseDoorCercleWindowIR,1.0.0,Xby3xZhQd3dMb4Coe
pink fancy door,,5000,Door,4th House Upgrade (Right Room),HouseDoorCarvingDR,1.0.0,2jbKjqmXXQddSvH26
pink iron door,,5000,Door,4th House Upgrade (Right Room),HouseDoorIronFR,1.0.0,BLseEGcXhw9dPreLx
pink iron grill door,,5000,Door,4th House Upgrade (Right Room),HouseDoorIronGrillER,1.0.0,sjAoF3vsRF5J8jLdq
pink metal-accent door,,5000,Door,4th House Upgrade (Right Room),HouseDoorIronpartsER,1.0.0,TB89rf3ccaKip4QRz
pink rustic door,,5000,Door,4th House Upgrade (Right Room),HouseDoorSimplicityHR,1.0.0,GANZwLknoRyyegbLM
pink simple door,,5000,Door,4th House Upgrade (Right Room),HouseDoorSimpleER,1.0.0,qvNBxg3CEWvEnoNpZ
pink windowed door,,5000,Door,4th House Upgrade (Right Room),HouseDoorWindowIR,1.0.0,svRR2C9PSLt5ef3Su
pink wooden door,,5000,Door,4th House Upgrade (Right Room),HouseDoorStandardIR,1.0.0,gPykmDtFtSdxotvrk
purple common door,,5000,Door,4th House Upgrade (Right Room),HouseDoorReliefJR,1.0.0,XBquzTWPzAnHcKYBj
purple iron grill door,,5000,Door,4th House Upgrade (Right Room),HouseDoorIronGrillJR,1.0.0,Q4GLiP3Kmurrk2WSB
purple metal-accent door,,5000,Door,4th House Upgrade (Right Room),HouseDoorIronpartsGR,1.0.0,B6NfDDoKJXSTX6nEZ
purple simple door,,5000,Door,4th House Upgrade (Right Room),HouseDoorSimpleHR,1.0.0,dmTdoj8NzL2jSKZHu
purple vertical-panes door,,5000,Door,4th House Upgrade (Right Room),HouseDoorVerticalWindowIR,1.0.0,JHMuJ2pSXBFsCGThM
purple windowed door,,5000,Door,4th House Upgrade (Right Room),HouseDoorWindowJR,1.0.0,kiK57D48BgFz2LdAh
purple wooden door,,5000,Door,4th House Upgrade (Right Room),HouseDoorStandardJR,1.0.0,oNx9giXYQZLfuCYq5
red common door,,5000,Door,4th House Upgrade (Right Room),HouseDoorReliefBR,1.0.0,WmuaHC559AALWH2Bb
red fancy door,,5000,Door,4th House Upgrade (Right Room),HouseDoorCarvingCR,1.0.0,us8rFY2TSFXCx72kH
red imperial door,,5000,Door,4th House Upgrade (Right Room),HouseDoorChineseCR,1.0.0,NtxTaTeTrzghsGS2W
red iron door,,5000,Door,4th House Upgrade (Right Room),HouseDoorIronBR,1.0.0,Bp9ysH2C4zeiScQXP
red iron grill door,,5000,Door,4th House Upgrade (Right Room),HouseDoorIronGrillIR,1.0.0,giywRE5qEmQZC6GAN
red latticework door,,5000,Door,4th House Upgrade (Right Room),HouseDoorLatticeCR,1.0.0,Nnbfndanco3rvQgWf
red metal-accent door,,5000,Door,4th House Upgrade (Right Room),HouseDoorIronpartsBR,1.0.0,XvgfNPwfYGffgE24X
red rustic door,,5000,Door,4th House Upgrade (Right Room),HouseDoorSimplicityER,1.0.0,RddBzpZ8QEcLWD4Gv
red vertical-panes door,,5000,Door,4th House Upgrade (Right Room),HouseDoorVerticalWindowFR,1.0.0,jtHKujXtSxTwgmgiY
red windowed door,,5000,Door,4th House Upgrade (Right Room),HouseDoorWindowCR,1.0.0,Z4oGMDMqpFBdfYXsZ
red wooden door,,5000,Door,4th House Upgrade (Right Room),HouseDoorStandardCR,1.0.0,h4LK4FrT733y64FZz
red zen door,,5000,Door,4th House Upgrade (Right Room),HouseDoorJapaneseDR,1.0.0,tdPuvQyRrRFiBEv7z
red-green imperial door,,5000,Door,4th House Upgrade (Right Room),HouseDoorChineseFR,1.0.0,2mrsS49vJNZdWDQeD
rustic door,,5000,Door,4th House Upgrade (Right Room),HouseDoorSimplicityAR,1.0.0,mbsrSkG43TP7tA6e5
vertical-panes door,,5000,Door,4th House Upgrade (Right Room),HouseDoorVerticalWindowAR,1.0.0,aqhHtKKvCQQpb834t
walnut latticework door,,5000,Door,4th House Upgrade (Right Room),HouseDoorLatticeBR,1.0.0,xtvqjdafPWY4DF4ww
white basic door,,5000,Door,4th House Upgrade (Right Room),HouseDoorCercleWindowHR,1.0.0,rrazQ4rMyTqvC3G3Y
white common door,,5000,Door,4th House Upgrade (Right Room),HouseDoorReliefGR,1.0.0,cFZFak2hPc3jBrpv8
white fancy door,,5000,Door,4th House Upgrade (Right Room),HouseDoorCarvingAR,1.0.0,r6k9ATzzAKaWMNJnQ
white imperial door,,5000,Door,4th House Upgrade (Right Room),HouseDoorChineseGR,1.0.0,bthYBfAjTxo7F5dNi
white iron door,,5000,Door,4th House Upgrade (Right Room),HouseDoorIronHR,1.0.0,Zi4ndrFTFsEqhQPw9
white iron grill door,,5000,Door,4th House Upgrade (Right Room),HouseDoorIronGrillFR,1.0.0,bz47mYutYXduChB3P
white latticework door,,5000,Door,4th House Upgrade (Right Room),HouseDoorLatticeGR,1.0.0,ndjhLSHZXG4TrmXNS
white metal-accent door,,5000,Door,4th House Upgrade (Right Room),HouseDoorIronpartsHR,1.0.0,yDBA2qT5sGQAzt7eB
white rustic door,,5000,Door,4th House Upgrade (Right Room),HouseDoorSimplicityBR,1.0.0,Mu7FQYgoRajRuL5BD
white simple door,,5000,Door,4th House Upgrade (Right Room),HouseDoorSimpleAR,1.0.0,q4CQF3zCDhorZ7fAc
white vertical-panes door,,5000,Door,4th House Upgrade (Right Room),HouseDoorVerticalWindowGR,1.0.0,CxFPdgKzKg2ifRx62
white windowed door,,5000,Door,4th House Upgrade (Right Room),HouseDoorWindowHR,1.0.0,ZovDjWHe8YSZZKinn
white wooden door,,5000,Door,4th House Upgrade (Right Room),HouseDoorStandardHR,1.0.0,h2ja68uKd7TxdEwQE
white zen door,,5000,Door,4th House Upgrade (Right Room),HouseDoorJapaneseGR,1.0.0,wY7gy8YD2Y8ojnDnm
windowed door,,5000,Door,4th House Upgrade (Right Room),HouseDoorWindowAR,1.0.0,28wnpfEyGZCvdDsmc
wooden door,,5000,Door,4th House Upgrade (Right Room),HouseDoorStandardAR,1.0.0,4ovKGY9ZoiujvqkS8
yellow basic door,,5000,Door,4th House Upgrade (Right Room),HouseDoorCercleWindowCR,1.0.0,yoMGH8LhL7mFWZiPD
yellow common door,,5000,Door,4th House Upgrade (Right Room),HouseDoorReliefER,1.0.0,5ZKFC4ePpoYDqqJSu
yellow fancy door,,5000,Door,4th House Upgrade (Right Room),HouseDoorCarvingFR,1.0.0,iNTxu4FaB6TC9pjni
yellow imperial door,,5000,Door,4th House Upgrade (Right Room),HouseDoorChineseDR,1.0.0,dBGXJ8LnHwDZciTRS
yellow iron door,,5000,Door,4th House Upgrade (Right Room),HouseDoorIronDR,1.0.0,wELe85t5gE9e5fZ7H
yellow simple door,,5000,Door,4th House Upgrade (Right Room),HouseDoorSimpleFR,1.0.0,t8gHx6QjK9tFMmMna
yellow vertical-panes door,,5000,Door,4th House Upgrade (Right Room),HouseDoorVerticalWindowER,1.0.0,Aszgp3pAbCC75LNHd
yellow zen door,,5000,Door,4th House Upgrade (Right Room),HouseDoorJapaneseBR,1.0.0,yHJcPMRBWKZofvC4H
zen door,,5000,Door,4th House Upgrade (Right Room),HouseDoorJapaneseAR,1.0.0,jGJNCRi6kcXXTD67g
blue steel staircase,,228000,Incline,Resident Services Upgrade,SlopeIronStairBlue,1.0.0,wEC52Lc5cf8TcamMB
blue-plank ramp,,128000,Incline,Resident Services Upgrade,SlopeWoodBlue,1.0.0,gHnYrhHS9A7MrPdpr
brick staircase,,198000,Incline,Resident Services Upgrade,SlopeBrickStair,1.0.0,A8AfTzxqpvzfcMeC5
log staircase,,168000,Incline,Resident Services Upgrade,SlopeWoodStair,1.0.0,wk6oQREwMmRAmkTWJ
natural ramp,,98000,Incline,Resident Services Upgrade,SlopeNatural,1.0.0,m7jAPxsGCRgSWo6Ng
red steel staircase,,228000,Incline,Resident Services Upgrade,SlopeIronStair,1.0.0,2nygbmutbmBfuzEXp
stone staircase,,168000,Incline,Resident Services Upgrade,SlopeStoneStair,1.0.0,4zszj8KsBNe2XgeGq
white-plank ramp,,128000,Incline,Resident Services Upgrade,SlopeWood,1.0.0,aR8pTDNtanxDQt7MY
black large mailbox,,5000,Mailbox,3rd House Upgrade (Left Room),FtrPostLargeBlack,1.0.0,MfwnWmtJuJDAvc2Lz
black ordinary mailbox,,5000,Mailbox,3rd House Upgrade (Left Room),FtrPostStandardBlack,1.0.0,mrnKiTGF6ra4B8X2T
black square mailbox,,5000,Mailbox,3rd House Upgrade (Left Room),FtrPostSquareBlack,1.0.0,EePwSJwYCpQZacFqi
blue large mailbox,,5000,Mailbox,3rd House Upgrade (Left Room),FtrPostLargeBlue,1.0.0,PXyHoT3WdZxgZNngW
blue ordinary mailbox,,5000,Mailbox,3rd House Upgrade (Left Room),FtrPostStandardBlue,1.0.0,RzqDEHhw3HSGjpavY
blue square mailbox,,5000,Mailbox,3rd House Upgrade (Left Room),FtrPostSquareBlue,1.0.0,cP7bYmszxmrmW2ygL
blue wooden mailbox,,5000,Mailbox,3rd House Upgrade (Left Room),FtrPostWoodBlue,1.0.0,hc333N34upcNjSabw
chic wooden mailbox,,5000,Mailbox,3rd House Upgrade (Left Room),FtrPostWoodDark,1.0.0,f2YBipw25G8BAxwSt
green large mailbox,,5000,Mailbox,3rd House Upgrade (Left Room),FtrPostLargeGreen,1.0.0,MkQ6G3TQ7YqhQToAi
green ordinary mailbox,,5000,Mailbox,3rd House Upgrade (Left Room),FtrPostStandardGreen,1.0.0,ujFMEsLrnERfkwfP9
green square mailbox,,5000,Mailbox,3rd House Upgrade (Left Room),FtrPostSquareGreen,1.0.0,xuTEi6Do6tN46d3q5
green wooden mailbox,,5000,Mailbox,3rd House Upgrade (Left Room),FtrPostWoodGreen,1.0.0,6bxdrutijtpzKv39F
large mailbox,,5000,Mailbox,3rd House Upgrade (Left Room),FtrPostLarge,1.0.0,9mei7SoYtX9WhJqBx
ordinary mailbox,,5000,Mailbox,3rd House Upgrade (Left Room),FtrPostStandard,1.0.0,WiXx9pYfimxQTSAuF
pink large mailbox,,5000,Mailbox,3rd House Upgrade (Left Room),FtrPostLargePink,1.0.0,442cvvb6XZ2ykmMy9
pink ordinary mailbox,,5000,Mailbox,3rd House Upgrade (Left Room),FtrPostStandardPink,1.0.0,TimXNFMGAu2gEdSHg
pink square mailbox,,5000,Mailbox,3rd House Upgrade (Left Room),FtrPostSquarePink,1.0.0,wM9frkMp4Bw3j8siW
pink wooden mailbox,,5000,Mailbox,3rd House Upgrade (Left Room),FtrPostWoodPink,1.0.0,rFbXYtTBoJmXaHs8o
red large mailbox,,5000,Mailbox,3rd House Upgrade (Left Room),FtrPostLargeRed,1.0.0,dd7zAjPBuZzeepDg4
red ordinary mailbox,,5000,Mailbox,3rd House Upgrade (Left Room),FtrPostStandardRed,1.0.0,TBRuBdRZM6YmQPNHp
red square mailbox,,5000,Mailbox,3rd House Upgrade (Left Room),FtrPostSquareRed,1.0.0,hnC7jsEoSKbk5RsEy
red wooden mailbox,,5000,Mailbox,3rd House Upgrade (Left Room),FtrPostWoodRed,1.0.0,wuakRPNugQ72t832X
rustic mailbox,,5000,Mailbox,Tent,FtrPostSimple,1.0.0,vhd8waS64LR47ty8Q
square mailbox,,5000,Mailbox,3rd House Upgrade (Left Room),FtrPostSquare,1.0.0,BKJKu7xjhMajA2aFy
white large mailbox,,5000,Mailbox,3rd House Upgrade (Left Room),FtrPostLargeWhite,1.0.0,uEXJbNeCvpXGjCokH
white ordinary mailbox,,5000,Mailbox,3rd House Upgrade (Left Room),FtrPostStandardWhite,1.0.0,QYJ4Xh4GSSi4iYzMb
white square mailbox,,5000,Mailbox,3rd House Upgrade (Left Room),FtrPostSquareWhite,1.0.0,62DZnrMMYjrk5jbS5
white wooden mailbox,,5000,Mailbox,3rd House Upgrade (Left Room),FtrPostWoodWhite,1.0.0,hs8QMbn7caa6z85ha
wooden mailbox,,5000,Mailbox,3rd House Upgrade (Left Room),FtrPostWood,1.0.0,iqx2M7qtMQjSr73dq
yellow large mailbox,,5000,Mailbox,3rd House Upgrade (Left Room),FtrPostLargeYellow,1.0.0,Ed6P9B4Y7y6TA99YS
yellow ordinary mailbox,,5000,Mailbox,3rd House Upgrade (Left Room),FtrPostStandardYellow,1.0.0,egLw54yP3orauEyFd
yellow square mailbox,,5000,Mailbox,3rd House Upgrade (Left Room),FtrPostSquareYellow,1.0.0,Me97eMZ28yf3j8S8v
yellow wooden mailbox,,5000,Mailbox,3rd House Upgrade (Left Room),FtrPostWoodYellow,1.0.0,ZDcPaCBz24tNYiGe4
aqua tile roof,,5000,Roof,Initial House,HouseRoofPA04StandardE,1.0.0,Qnx2RexRkQSfFnLuB
beige curved shingles,,5000,Roof,4th House Upgrade (Right Room),HouseRoofPA04WesterntileF,1.0.0,jX9sAaudmHztd6WoQ
beige stone roof,,5000,Roof,4th House Upgrade (Right Room),HouseRoofPA04StoneB,1.0.0,rJ4yqFWLmk6ykB5Et
black curved shingles,,5000,Roof,4th House Upgrade (Right Room),HouseRoofPA04WesterntileH,1.0.0,BdGehD5vw6WxG8efX
black stone roof,,5000,Roof,4th House Upgrade (Right Room),HouseRoofPA04StoneH,1.0.0,hyshRxYSTue2YG2zE
black thatch roof,,5000,Roof,4th House Upgrade (Right Room),HouseRoofPA04ThatchedH,1.0.0,53msS63AkP5L46Bq7
black tile roof,,5000,Roof,Initial House,HouseRoofPA04StandardH,1.0.0,aEXiJy3tnSJWNTBkv
blue curved shingles,,5000,Roof,4th House Upgrade (Right Room),HouseRoofPA04WesterntileE,1.0.0,mprPiQG9puuaCguod
blue stone roof,,5000,Roof,4th House Upgrade (Right Room),HouseRoofPA04StoneE,1.0.0,2q8sqokbgGi3mebNb
blue tile roof,,5000,Roof,Initial House,HouseRoofPA04StandardF,1.0.0,B7gS5WW3ksnrfNeXK
brown curved shingles,,5000,Roof,4th House Upgrade (Right Room),HouseRoofPA04WesterntileG,1.0.0,zKQZJpWoGzgw7orRW
brown stone roof,,5000,Roof,4th House Upgrade (Right Room),HouseRoofPA04StoneG,1.0.0,mapwfPNGnhg62uQkt
brown thatch roof,,5000,Roof,4th House Upgrade (Right Room),HouseRoofPA04ThatchedB,1.0.0,N9gATxvMvWX5HLEhS
deep-green thatch roof,,5000,Roof,4th House Upgrade (Right Room),HouseRoofPA04ThatchedG,1.0.0,vc6xgYJWGgA9cTkB7
fresh-grass thatch roof,,5000,Roof,4th House Upgrade (Right Room),HouseRoofPA04ThatchedD,1.0.0,Z5NELbfAsKrPcwy5L
golden-brown thatch roof,,5000,Roof,4th House Upgrade (Right Room),HouseRoofPA04ThatchedA,1.0.0,roxKGs7uRQw2pw8to
gray stone roof,,5000,Roof,4th House Upgrade (Right Room),HouseRoofPA04StoneA,1.0.0,ab33Skrb5b7oeha7y
gray thatch roof,,5000,Roof,4th House Upgrade (Right Room),HouseRoofPA04ThatchedE,1.0.0,PpodDcgiEgAJiDiSS
green curved shingles,,5000,Roof,4th House Upgrade (Right Room),HouseRoofPA04WesterntileD,1.0.0,zH9xBNwrWkv4JfBH3
green stone roof,,5000,Roof,4th House Upgrade (Right Room),HouseRoofPA04StoneF,1.0.0,T85hEMqZDuz32hnS2
green tile roof,,5000,Roof,Initial House,HouseRoofPA04StandardD,1.0.0,pEWWGqpXPdLucubvS
orange curved shingles,,5000,Roof,4th House Upgrade (Right Room),HouseRoofPA04WesterntileA,1.0.0,yfLcN39wQrmNt8WHH
orange stone roof,,5000,Roof,4th House Upgrade (Right Room),HouseRoofPA04StoneC,1.0.0,ifhZHe9jHujeiSgAu
orange thatch roof,,5000,Roof,4th House Upgrade (Right Room),HouseRoofPA04ThatchedC,1.0.0,KehTqxnW4g25qgMzj
pink curved shingles,,5000,Roof,4th House Upgrade (Right Room),HouseRoofPA04WesterntileB,1.0.0,Pcg6fSeBJ5C92kLPs
pink tile roof,,5000,Roof,Initial House,HouseRoofPA04StandardB,1.0.0,ve7xChDBdMDgb6nTS
purple tile roof,,5000,Roof,Initial House,HouseRoofPA04StandardG,1.0.0,3dBXpZsj6tD2dBzwj
red stone roof,,5000,Roof,4th House Upgrade (Right Room),HouseRoofPA04StoneD,1.0.0,zPrrQagfzwkhtnAZT
red tile roof,,5000,Roof,Initial House,HouseRoofPA04StandardA,1.0.0,uifwByFWdDXnTJ4vp
white thatch roof,,5000,Roof,4th House Upgrade (Right Room),HouseRoofPA04ThatchedF,1.0.0,CGCfToQFCeeeMkRWc
yellow curved shingles,,5000,Roof,4th House Upgrade (Right Room),HouseRoofPA04WesterntileC,1.0.0,n5Gc39GsgiLg4ofb2
yellow tile roof,,5000,Roof,Initial House,HouseRoofPA04StandardC,1.0.0,2aQvQYwCsSQyRGyvF
ash-brown log exterior,,5000,Siding,5th House Upgrade (2nd Floor),HouseWallNBLogF,2.0.0,agcGhdCB4SMtDAhW5
ash-brown log exterior,,5000,Siding,5th House Upgrade (2nd Floor),HouseWallPB04LogF,2.0.0,hzkYgksv2Thc29DPH
basic zen exterior,,5000,Siding,5th House Upgrade (2nd Floor),HouseWallNCJapaneseE,2.0.0,v5hSQEnvqgvnMxNf6
basic zen exterior,,5000,Siding,5th House Upgrade (2nd Floor),HouseWallPC04JapaneseE,2.0.0,kap6r2JcTCR6pk2xB
beige & red woodwork,,5000,Siding,5th House Upgrade (2nd Floor),HouseWallNDWoodE,2.0.0,2wGaRW2eSYHCGjQo5
beige & red woodwork,,5000,Siding,5th House Upgrade (2nd Floor),HouseWallPD04WoodE,2.0.0,Ytum7hzNR2CoPJuxs
beige brick exterior,,5000,Siding,5th House Upgrade (2nd Floor),HouseWallPB04BrickF,2.0.0,LS7badPhZ8J7y5geJ
beige clay exterior,,5000,Siding,5th House Upgrade (2nd Floor),HouseWallNDSoilC,2.0.0,Nfhad3MKWWEYfgYbd
beige cobblestones,,5000,Siding,5th House Upgrade (2nd Floor),HouseWallNBStoneB,2.0.0,5cGobyNcFy94sRxr3
beige striped siding,,5000,Siding,5th House Upgrade (2nd Floor),HouseWallNAMetalB,2.0.0,XEGM8kgj83EXZGces
beige stucco exterior,,5000,Siding,5th House Upgrade (2nd Floor),HouseWallPA04StuccoB,1.0.0,qbKmPn2exhSsqLCw5
beige stucco exterior,,5000,Siding,5th House Upgrade (2nd Floor),HouseWallNDStuccoB,2.0.0,XXRmNQ6rGhkh5AMAa
beige stucco exterior,,5000,Siding,5th House Upgrade (2nd Floor),HouseWallPD04StuccoB,2.0.0,7rumCEEPaziHSSRLX
beige two-tone exterior,,5000,Siding,5th House Upgrade (2nd Floor),HouseWallPD04SoilC,2.0.0,iZkEyFJnxZhPFKuQ2
beige woodwork,,5000,Siding,5th House Upgrade (2nd Floor),HouseWallNDWoodH,2.0.0,RaWKak29F7NfxGA3A
beige woodwork,,5000,Siding,5th House Upgrade (2nd Floor),HouseWallPD04WoodH,2.0.0,fjh8WedLELC3jPeap
black & brown Asian siding,,5000,Siding,5th House Upgrade (2nd Floor),HouseWallNCOrientalH,2.0.0,LQBASL33D4MonSqYw
black & brown Asian siding,,5000,Siding,5th House Upgrade (2nd Floor),HouseWallPC04OrientalH,2.0.0,Ctd337LzqYesoqjw4
black & white panel siding,,5000,Siding,5th House Upgrade (2nd Floor),HouseWallNAWoodsidingB,2.0.0,z2w7oAQd7wfWfzfzN
black brick-trim exterior,,5000,Siding,5th House Upgrade (2nd Floor),HouseWallNABrickH,2.0.0,h5FGYpsGfxEYvpwyt
black castle exterior,,5000,Siding,5th House Upgrade (2nd Floor),HouseWallPC04StoneB,2.0.0,TZ2mm8TQzyythG5YH
black chalet exterior,,5000,Siding,5th House Upgrade (2nd Floor),HouseWallPA04WoodframeH,1.0.0,kYAfpnwSRtZfZs4SG
black cobblestones,,5000,Siding,5th House Upgrade (2nd Floor),HouseWallNBStoneH,2.0.0,rPxNkakgwQ5rkg7jq
black common exterior,,5000,Siding,5th House Upgrade (2nd Floor),HouseWallPA04StandardH,1.0.0,di7Pmwx9aDN4v4Xfc
black log exterior,,5000,Siding,5th House Upgrade (2nd Floor),HouseWallNBLogH,2.0.0,HBduEun9nEfa43fdJ
black log exterior,,5000,Siding,5th House Upgrade (2nd Floor),HouseWallPB04LogH,2.0.0,piKD5D7LQPLkMHiTN
black panel siding,,5000,Siding,5th House Upgrade (2nd Floor),HouseWallNCWoodH,2.0.0,gFWvG2DuFfXAFqsuo
black striped siding,,5000,Siding,5th House Upgrade (2nd Floor),HouseWallNAMetalH,2.0.0,8ezwCcMzih4cP6S34
black stucco exterior,,5000,Siding,5th House Upgrade (2nd Floor),HouseWallPA04StuccoH,1.0.0,gJeYNSQ4cBQuMiJXS
black stucco exterior,,5000,Siding,5th House Upgrade (2nd Floor),HouseWallNAStuccoH,2.0.0,FboEwmNMpyRN7zET2
blue & black panel siding,,5000,Siding,5th House Upgrade (2nd Floor),HouseWallPB04WoodsidngC,2.0.0,cQ5Kat5xj9t3e57an
blue & orange woodwork,,5000,Siding,5th House Upgrade (2nd Floor),HouseWallPD04WoodG,2.0.0,ZtTX4WXtduwizR5a4
blue & orange woodwork,,5000,Siding,5th House Upgrade (2nd Floor),HouseWallNDWoodG,2.0.0,YumxsZgapdBAaDQi6
blue & white panel siding,,5000,Siding,5th House Upgrade (2nd Floor),HouseWallNAWoodsidingE,2.0.0,xMG6H4mPRsQ45vHqX
blue brick exterior,,5000,Siding,5th House Upgrade (2nd Floor),HouseWallPB04BrickG,2.0.0,EPQBZs37HWgd2W2Lf
blue castle exterior,,5000,Siding,5th House Upgrade (2nd Floor),HouseWallPC04StoneE,2.0.0,nYogCLCgq65Mh76me
blue cobblestones,,5000,Siding,5th House Upgrade (2nd Floor),HouseWallPA04StoneF,1.0.0,eTg7RcPdjkGPBeWL4
blue panel siding,,5000,Siding,5th House Upgrade (2nd Floor),HouseWallNCWoodD,2.0.0,T95FhcWw9umLm3Jnp
blue striped siding,,5000,Siding,5th House Upgrade (2nd Floor),HouseWallNAMetalE,2.0.0,kK26gaagd9nDGWtJo
blue stucco exterior,,5000,Siding,5th House Upgrade (2nd Floor),HouseWallPA04StuccoE,1.0.0,g6d8pc3feddvfd3wm
blue stucco exterior,,5000,Siding,5th House Upgrade (2nd Floor),HouseWallNBStuccoE,2.0.0,vao77AKRbiSCKLLPH
blue stucco exterior,,5000,Siding,5th House Upgrade (2nd Floor),HouseWallNDStuccoH,2.0.0,azyK8onQ9GwkRA6ex
blue stucco exterior,,5000,Siding,5th House Upgrade (2nd Floor),HouseWallPD04StuccoH,2.0.0,KakS3oHuNipYfpujt
blue stucco exterior,,5000,Siding,5th House Upgrade (2nd Floor),HouseWallNAStuccoE,2.0.0,28mC6z7b8pZfPeTvs
blue-trim common exterior,,5000,Siding,5th House Upgrade (2nd Floor),HouseWallPA04StandardC,1.0.0,9gtBjJE4tYb6wQczz
brown brick exterior,,5000,Siding,5th House Upgrade (2nd Floor),HouseWallPB04BrickB,2.0.0,8bEGpsoBoFsZr3i4p
brown chalet exterior,,5000,Siding,5th House Upgrade (2nd Floor),HouseWallPA04WoodframeB,1.0.0,xAmRhhZacLmi3ySCm
brown clay exterior,,5000,Siding,5th House Upgrade (2nd Floor),HouseWallNDSoilH,2.0.0,cMuyGzRWprwsFruor
brown cobblestones,,5000,Siding,5th House Upgrade (2nd Floor),HouseWallPA04StoneC,1.0.0,NL3LEQdCu2TtcE9eW
brown cobblestones,,5000,Siding,5th House Upgrade (2nd Floor),HouseWallNBStoneF,2.0.0,n2R7SMBY4CyMMx9mn
brown panel siding,,5000,Siding,5th House Upgrade (2nd Floor),HouseWallNCWoodB,2.0.0,rioZpHGa2GY5sDugy
brown panel siding,,5000,Siding,5th House Upgrade (2nd Floor),HouseWallNAWoodsidingD,2.0.0,xGNS9qrkubzXHyo7X
brown stucco exterior,,5000,Siding,5th House Upgrade (2nd Floor),HouseWallPD04StuccoD,2.0.0,jWELhm74YSRfpKTuW
brown stucco exterior,,5000,Siding,5th House Upgrade (2nd Floor),HouseWallNDStuccoD,2.0.0,sGD4DTjq4TcLwpMnu
brown two-tone exterior,,5000,Siding,5th House Upgrade (2nd Floor),HouseWallPD04SoilH,2.0.0,KjCmBEn6DtkwCmNjA
chalet exterior,,5000,Siding,5th House Upgrade (2nd Floor),HouseWallPA04WoodframeA,1.0.0,RBTZCSQfgD2vQH3Ze
chic cobblestones,,5000,Siding,5th House Upgrade (2nd Floor),HouseWallPA04StoneB,1.0.0,Lms2QszBWsfaCCxGf
chic zen exterior,,5000,Siding,5th House Upgrade (2nd Floor),HouseWallNCJapaneseH,2.0.0,wDY4RfZ7j2rtyDf5r
chic zen exterior,,5000,Siding,5th House Upgrade (2nd Floor),HouseWallPC04JapaneseH,2.0.0,KMxDjNZDirGaGCqiE
classy zen exterior,,5000,Siding,5th House Upgrade (2nd Floor),HouseWallPC04JapaneseD,2.0.0,D4HRimNjSCs3MacMS
classy zen exterior,,5000,Siding,5th House Upgrade (2nd Floor),HouseWallNCJapaneseD,2.0.0,p6P4N76nkGpzgTeYY
common exterior,,5000,Siding,5th House Upgrade (2nd Floor),HouseWallPA04StandardA,1.0.0,tvSkijt9ictdZ5haB
cream & gray panel siding,,5000,Siding,5th House Upgrade (2nd Floor),HouseWallPB04WoodsidngG,2.0.0,43fZsai5kuZCeRyf2
cream chalet exterior,,5000,Siding,5th House Upgrade (2nd Floor),HouseWallPA04WoodframeG,1.0.0,KAwpDuD4BQAodaghb
cream panel siding,,5000,Siding,5th House Upgrade (2nd Floor),HouseWallNAWoodsidingA,2.0.0,qSAYK7KRYjZ8ejbCh
dark-brown log exterior,,5000,Siding,5th House Upgrade (2nd Floor),HouseWallNBLogG,2.0.0,kvvCDgujneJJ7xeY4
dark-brown log exterior,,5000,Siding,5th House Upgrade (2nd Floor),HouseWallPB04LogG,2.0.0,9Smq3cNo7NBxDemnp
dark-brown panel siding,,5000,Siding,5th House Upgrade (2nd Floor),HouseWallNAWoodsidingH,2.0.0,P8GtnqAu2gsrcbcK2
gold castle exterior,,5000,Siding,5th House Upgrade (2nd Floor),HouseWallPC04StoneG,2.0.0,QEoZTPE83uQqaoNGv
gray & black panel siding,,5000,Siding,5th House Upgrade (2nd Floor),HouseWallPB04WoodsidngH,2.0.0,5rpWDknseFb9uZWbS
gray brick exterior,,5000,Siding,5th House Upgrade (2nd Floor),HouseWallPB04BrickC,2.0.0,pdA7Jb66DBuj4FCTE
gray cobblestones,,5000,Siding,5th House Upgrade (2nd Floor),HouseWallPA04StoneH,1.0.0,8GYy5WLx9jCpap6uY
gray cobblestones,,5000,Siding,5th House Upgrade (2nd Floor),HouseWallNBStoneG,2.0.0,E6fbKkKbHAAy5LePJ
gray panel siding,,5000,Siding,5th House Upgrade (2nd Floor),HouseWallNAWoodsidingF,2.0.0,JBns8QjhTJpRe56W4
gray stucco exterior,,5000,Siding,5th House Upgrade (2nd Floor),HouseWallPA04StuccoC,1.0.0,niRaBvHzn59TEuTtu
gray stucco exterior,,5000,Siding,5th House Upgrade (2nd Floor),HouseWallNBStuccoC,2.0.0,r2DWjrbR34FwRRNZL
gray stucco exterior,,5000,Siding,5th House Upgrade (2nd Floor),HouseWallNDStuccoE,2.0.0,QHsrt84KFH5RP4W2J
gray stucco exterior,,5000,Siding,5th House Upgrade (2nd Floor),HouseWallNAStuccoG,2.0.0,ajZsKgrvwxqj8FdCG
gray stucco exterior,,5000,Siding,5th House Upgrade (2nd Floor),HouseWallPD04StuccoE,2.0.0,znu62t8nrf7tYTBkz
gray-trim common exterior,,5000,Siding,5th House Upgrade (2nd Floor),HouseWallPA04StandardD,1.0.0,JfXXtqNSk5D2jYMYf
green & brown Asian siding,,5000,Siding,5th House Upgrade (2nd Floor),HouseWallPC04OrientalG,2.0.0,Bd9kJXQKcMvGGHg3t
green & brown Asian siding,,5000,Siding,5th House Upgrade (2nd Floor),HouseWallNCOrientalG,2.0.0,ukYJn8MXADYFSbEK6
green & brown panel siding,,5000,Siding,5th House Upgrade (2nd Floor),HouseWallPB04WoodsidngF,2.0.0,rLyeE59wcGNj63kxc
green & brown woodwork,,5000,Siding,5th House Upgrade (2nd Floor),HouseWallPD04WoodC,2.0.0,X5J7BiDDeGX8e4ovC
green & brown woodwork,,5000,Siding,5th House Upgrade (2nd Floor),HouseWallNDWoodC,2.0.0,ijSD8ucXhRsvpDkhm
green & orange woodwork,,5000,Siding,5th House Upgrade (2nd Floor),HouseWallPD04WoodF,2.0.0,HCgSntTapsbjqvP2w
green & orange woodwork,,5000,Siding,5th House Upgrade (2nd Floor),HouseWallNDWoodF,2.0.0,Mso24dF3RAyQSzihs
green brick exterior,,5000,Siding,5th House Upgrade (2nd Floor),HouseWallPB04BrickH,2.0.0,DWfEiB2GJ9y6JR8s2
green brick-trim exterior,,5000,Siding,5th House Upgrade (2nd Floor),HouseWallNABrickG,2.0.0,TwzGfbBAjLJ8cq8Qm
green castle exterior,,5000,Siding,5th House Upgrade (2nd Floor),HouseWallPC04StoneF,2.0.0,zhGtAZB89xtfyrnvm
green clay exterior,,5000,Siding,5th House Upgrade (2nd Floor),HouseWallNDSoilG,2.0.0,SrRuBietDPv5QarSz
green cobblestones,,5000,Siding,5th House Upgrade (2nd Floor),HouseWallPA04StoneG,1.0.0,Jiy9DpvuhLX6skBrR
green panel siding,,5000,Siding,5th House Upgrade (2nd Floor),HouseWallNCWoodE,2.0.0,nL6sJ5fRNcg7P8npw
green striped siding,,5000,Siding,5th House Upgrade (2nd Floor),HouseWallNAMetalG,2.0.0,ngqgTxENDENDu2v7y
green stucco exterior,,5000,Siding,5th House Upgrade (2nd Floor),HouseWallNAStuccoF,2.0.0,vChjafXsrdRBkTxbk
green stucco exterior,,5000,Siding,5th House Upgrade (2nd Floor),HouseWallNBStuccoG,2.0.0,KJFFvxnH6cxfPr74G
green two-tone exterior,,5000,Siding,5th House Upgrade (2nd Floor),HouseWallPD04SoilG,2.0.0,mvFPXSD8sac4E6QNh
light-blue chalet exterior,,5000,Siding,5th House Upgrade (2nd Floor),HouseWallPA04WoodframeD,1.0.0,9SCJMuao7JJBS3iry
light-blue cobblestones,,5000,Siding,5th House Upgrade (2nd Floor),HouseWallNBStoneC,2.0.0,YrGKk3uFZ5GA4Mx5L
light-brown cobblestones,,5000,Siding,5th House Upgrade (2nd Floor),HouseWallNBStoneD,2.0.0,Aa7FWnHaZ6mpCdipJ
light-brown log exterior,,5000,Siding,5th House Upgrade (2nd Floor),HouseWallPB04LogC,2.0.0,e75K3EMygFAArxDDX
light-brown log exterior,,5000,Siding,5th House Upgrade (2nd Floor),HouseWallNBLogC,2.0.0,43G7yna6392MAJvqo
light-brown panel siding,,5000,Siding,5th House Upgrade (2nd Floor),HouseWallNAWoodsidingG,2.0.0,xuGe4uvN7v6tkWH3P
light-brown stucco exterior,,5000,Siding,5th House Upgrade (2nd Floor),HouseWallNBStuccoB,2.0.0,2QegXP8oQWqKN4kSn
light-gray cobblestones,,5000,Siding,5th House Upgrade (2nd Floor),HouseWallPA04StoneA,1.0.0,ZH4zSM5t8CkRN6WL7
light-gray cobblestones,,5000,Siding,5th House Upgrade (2nd Floor),HouseWallNBStoneE,2.0.0,HFpwxjZokzm92XR5t
light-gray stucco exterior,,5000,Siding,5th House Upgrade (2nd Floor),HouseWallNAStuccoB,2.0.0,8KaQYBJxWggZzkJGS
mint-blue stucco exterior,,5000,Siding,5th House Upgrade (2nd Floor),HouseWallNBStuccoH,2.0.0,NWbw4muaEMp7egxST
mint-blue stucco exterior,,5000,Siding,5th House Upgrade (2nd Floor),HouseWallPD04StuccoF,2.0.0,n7xsWtKc9caDeRhqH
mint-blue stucco exterior,,5000,Siding,5th House Upgrade (2nd Floor),HouseWallNDStuccoF,2.0.0,tuFwLBPyQSqZPcnT8
natural log exterior,,5000,Siding,5th House Upgrade (2nd Floor),HouseWallPB04LogA,2.0.0,sdeaNfBhNoDMX69pj
natural log exterior,,5000,Siding,5th House Upgrade (2nd Floor),HouseWallNBLogA,2.0.0,oz9vcn3haXFxT7GH8
natural panel siding,,5000,Siding,5th House Upgrade (2nd Floor),HouseWallPB04WoodsidngA,2.0.0,KNQHAFN4mQ3EGJRou
natural woodwork,,5000,Siding,5th House Upgrade (2nd Floor),HouseWallPD04WoodA,2.0.0,tdoxZcRhxYhFMtMD2
natural woodwork,,5000,Siding,5th House Upgrade (2nd Floor),HouseWallNDWoodA,2.0.0,uR25vwZFbwdFKap9f
natural zen exterior,,5000,Siding,5th House Upgrade (2nd Floor),HouseWallNCJapaneseA,2.0.0,HzZZRy4wfMv4EdbYK
natural zen exterior,,5000,Siding,5th House Upgrade (2nd Floor),HouseWallPC04JapaneseA,2.0.0,fhnuLatWR3BawC2bp
orange chalet exterior,,5000,Siding,5th House Upgrade (2nd Floor),HouseWallPA04WoodframeF,1.0.0,ug4QTydifE3YXJqHR
orange clay exterior,,5000,Siding,5th House Upgrade (2nd Floor),HouseWallNDSoilD,2.0.0,xDw86YCeCnBuPBX6v
orange cobblestones,,5000,Siding,5th House Upgrade (2nd Floor),HouseWallPA04StoneE,1.0.0,Xs4kXRbnMnnkzzdGm
orange stucco exterior,,5000,Siding,5th House Upgrade (2nd Floor),HouseWallNBStuccoF,2.0.0,crt2gKoFQwerNHfuD
orange stucco exterior,,5000,Siding,5th House Upgrade (2nd Floor),HouseWallNAStuccoA,2.0.0,Ld8FWPkGFByYvHwBa
orange two-tone exterior,,5000,Siding,5th House Upgrade (2nd Floor),HouseWallPD04SoilD,2.0.0,pxrCfEzS4S8yoqmPe
pale-green brick exterior,,5000,Siding,5th House Upgrade (2nd Floor),HouseWallPB04BrickD,2.0.0,pmoDuJDLoxqDLmDrM
pink & black woodwork,,5000,Siding,5th House Upgrade (2nd Floor),HouseWallNDWoodD,2.0.0,jXCPAqfP4CM8Pazmj
pink & black woodwork,,5000,Siding,5th House Upgrade (2nd Floor),HouseWallPD04WoodD,2.0.0,tp52iHmLaPZbfZTcE
pink & brown panel siding,,5000,Siding,5th House Upgrade (2nd Floor),HouseWallPB04WoodsidngB,2.0.0,LBzSEticEDLRdyGpE
pink & purple panel siding,,5000,Siding,5th House Upgrade (2nd Floor),HouseWallPB04WoodsidngE,2.0.0,ZLFPNXCdxM2mCexTQ
pink & white Asian siding,,5000,Siding,5th House Upgrade (2nd Floor),HouseWallPC04OrientalF,2.0.0,PABW6hziCXkqQKWqu
pink & white Asian siding,,5000,Siding,5th House Upgrade (2nd Floor),HouseWallNCOrientalF,2.0.0,X8WwpdPonWE5cn6zi
pink & white panel siding,,5000,Siding,5th House Upgrade (2nd Floor),HouseWallNAWoodsidingJ,2.0.0,Mirnta8rgXYuBfHNo
pink brick exterior,,5000,Siding,5th House Upgrade (2nd Floor),HouseWallPB04BrickE,2.0.0,xr7hcs8eiGaeYCG7E
pink clay exterior,,5000,Siding,5th House Upgrade (2nd Floor),HouseWallNDSoilE,2.0.0,baDmBTzvFSMedHSsZ
pink common exterior,,5000,Siding,5th House Upgrade (2nd Floor),HouseWallPA04StandardF,1.0.0,ceKL4XwfZzkGoYpg9
pink log exterior,,5000,Siding,5th House Upgrade (2nd Floor),HouseWallNBLogD,2.0.0,bfWX3tzhwSLhxMAd4
pink log exterior,,5000,Siding,5th House Upgrade (2nd Floor),HouseWallPB04LogD,2.0.0,F2GxTFDQSC3KXPR5o
pink panel siding,,5000,Siding,5th House Upgrade (2nd Floor),HouseWallNCWoodF,2.0.0,AzqnNFfYq4bNhnyEf
pink striped siding,,5000,Siding,5th House Upgrade (2nd Floor),HouseWallNAMetalD,2.0.0,W9RLxtwXnRCjeXwYC
pink stucco exterior,,5000,Siding,5th House Upgrade (2nd Floor),HouseWallPA04StuccoG,1.0.0,xmPeJk2bKkAWYtF64
pink stucco exterior,,5000,Siding,5th House Upgrade (2nd Floor),HouseWallNAStuccoC,2.0.0,KDAhNBGwQLcCjXC3r
pink two-tone exterior,,5000,Siding,5th House Upgrade (2nd Floor),HouseWallPD04SoilE,2.0.0,eibQLwBJTJQSLN7fY
plain zen exterior,,5000,Siding,5th House Upgrade (2nd Floor),HouseWallNCJapaneseG,2.0.0,GraQmcPMnRydx7DJ4
plain zen exterior,,5000,Siding,5th House Upgrade (2nd Floor),HouseWallPC04JapaneseG,2.0.0,PKFr3hM9cKs3n86s7
popular zen exterior,,5000,Siding,5th House Upgrade (2nd Floor),HouseWallNCJapaneseC,2.0.0,55aQmqfJyGJAXKSbW
popular zen exterior,,5000,Siding,5th House Upgrade (2nd Floor),HouseWallPC04JapaneseC,2.0.0,4n7v3CbSNMmvbaXKm
purple & white panel siding,,5000,Siding,5th House Upgrade (2nd Floor),HouseWallNAWoodsidingI,2.0.0,moRCgCDGDDFEeBrfR
purple castle exterior,,5000,Siding,5th House Upgrade (2nd Floor),HouseWallPC04StoneD,2.0.0,XuYf9HFidxss8w4oy
red & green Asian siding,,5000,Siding,5th House Upgrade (2nd Floor),HouseWallPC04OrientalB,2.0.0,D8fabk22gSJzacdHh
red & green Asian siding,,5000,Siding,5th House Upgrade (2nd Floor),HouseWallNCOrientalB,2.0.0,69koFkRDMabasrrEe
red brick exterior,,5000,Siding,5th House Upgrade (2nd Floor),HouseWallPB04BrickA,2.0.0,kGXCqHaQbSJ4H8vkx
red castle exterior,,5000,Siding,5th House Upgrade (2nd Floor),HouseWallPC04StoneC,2.0.0,Xp3QhTcH6nGEx84Mx
red chalet exterior,,5000,Siding,5th House Upgrade (2nd Floor),HouseWallPA04WoodframeC,1.0.0,cA9eF8iCxf8nJhZMy
red cobblestones,,5000,Siding,5th House Upgrade (2nd Floor),HouseWallPA04StoneD,1.0.0,xXRQfdAGyLJCXSbY6
red common exterior,,5000,Siding,5th House Upgrade (2nd Floor),HouseWallPA04StandardG,1.0.0,cwEx7XyAwefNQJ8Rr
red striped siding,,5000,Siding,5th House Upgrade (2nd Floor),HouseWallNAMetalC,2.0.0,cvFqhzYySPfNpGaQ9
red stucco exterior,,5000,Siding,5th House Upgrade (2nd Floor),HouseWallPA04StuccoD,1.0.0,c27kqMPWnha8RjEki
red stucco exterior,,5000,Siding,5th House Upgrade (2nd Floor),HouseWallNBStuccoD,2.0.0,Aim6T9TrmipdQQBas
red stucco exterior,,5000,Siding,5th House Upgrade (2nd Floor),HouseWallNDStuccoG,2.0.0,gyxHNDN2Gr3QoQCbG
red stucco exterior,,5000,Siding,5th House Upgrade (2nd Floor),HouseWallPD04StuccoG,2.0.0,cdqd3rEsWqfHXdYjH
red-trim common exterior,,5000,Siding,5th House Upgrade (2nd Floor),HouseWallPA04StandardB,1.0.0,ckT8w7sPNqY2aRMcH
sage clay exterior,,5000,Siding,5th House Upgrade (2nd Floor),HouseWallNDSoilF,2.0.0,zmRnFRYnYQqiwZbj6
sage two-tone exterior,,5000,Siding,5th House Upgrade (2nd Floor),HouseWallPD04SoilF,2.0.0,344Xu4durvD6gLYQH
silver castle exterior,,5000,Siding,5th House Upgrade (2nd Floor),HouseWallPC04StoneH,2.0.0,hZdJZvySwnwFFPgJk
simple black-brick trim,,5000,Siding,5th House Upgrade (2nd Floor),HouseWallNABrickB,2.0.0,Wu5L8rZytQ8Msw5R2
simple brown-brick trim,,5000,Siding,5th House Upgrade (2nd Floor),HouseWallNABrickF,2.0.0,vQeA4vyuXmx4yyhpw
simple red-brick trim,,5000,Siding,5th House Upgrade (2nd Floor),HouseWallNABrickA,2.0.0,osbinqGeRWD6aT5zg
simple tan-brick trim,,5000,Siding,5th House Upgrade (2nd Floor),HouseWallNABrickD,2.0.0,GNWYodDYkeFKcvg2m
simple white-brick trim,,5000,Siding,5th House Upgrade (2nd Floor),HouseWallNABrickC,2.0.0,3xiDTaNBb5Doq53yy
simple yellow-brick trim,,5000,Siding,5th House Upgrade (2nd Floor),HouseWallNABrickE,2.0.0,s9LDqHL4MCxcH454B
simple zen exterior,,5000,Siding,5th House Upgrade (2nd Floor),HouseWallPC04JapaneseF,2.0.0,aQEwQzPQfqGZkcZ9n
simple zen exterior,,5000,Siding,5th House Upgrade (2nd Floor),HouseWallNCJapaneseF,2.0.0,jJCMZiZSutXLCjEAc
standard zen exterior,,5000,Siding,5th House Upgrade (2nd Floor),HouseWallNCJapaneseB,2.0.0,HyzzRrfudwfFnxiHT
standard zen exterior,,5000,Siding,5th House Upgrade (2nd Floor),HouseWallPC04JapaneseB,2.0.0,5qr2mkABSq3nv4NBD
tan panel siding,,5000,Siding,5th House Upgrade (2nd Floor),HouseWallNCWoodA,2.0.0,yQW28dXnqS8KAbMMo
walnut panel siding,,5000,Siding,5th House Upgrade (2nd Floor),HouseWallNCWoodC,2.0.0,JQHgLTMS6Ca92uxeJ
white & brown Asian siding,,5000,Siding,5th House Upgrade (2nd Floor),HouseWallNCOrientalD,2.0.0,kNDBEjxazTjoMnkaj
white & brown Asian siding,,5000,Siding,5th House Upgrade (2nd Floor),HouseWallPC04OrientalD,2.0.0,b4CM3MSzrJDQSDyDs
white & natural Asian siding,,5000,Siding,5th House Upgrade (2nd Floor),HouseWallNCOrientalE,2.0.0,n2ZJ7tZJhapDMW8e7
white & natural Asian siding,,5000,Siding,5th House Upgrade (2nd Floor),HouseWallPC04OrientalE,2.0.0,iGZTvtqtZdgDTK6Hz
white & red Asian siding,,5000,Siding,5th House Upgrade (2nd Floor),HouseWallPC04OrientalA,2.0.0,d2QmygGP4CqmJ3aRp
white & red Asian siding,,5000,Siding,5th House Upgrade (2nd Floor),HouseWallNCOrientalA,2.0.0,HvmS5DH5BfMNyPjPP
white & red panel siding,,5000,Siding,5th House Upgrade (2nd Floor),HouseWallNAWoodsidingC,2.0.0,958t3sG7S6bGsv636
white castle exterior,,5000,Siding,5th House Upgrade (2nd Floor),HouseWallPC04StoneA,2.0.0,8Es45bW3RHZRFLhmz
white clay exterior,,5000,Siding,5th House Upgrade (2nd Floor),HouseWallNDSoilB,2.0.0,SHXXSozrkbX579ofe
white cobblestones,,5000,Siding,5th House Upgrade (2nd Floor),HouseWallNBStoneA,2.0.0,mzEQGfjjeo2mJHain
white log exterior,,5000,Siding,5th House Upgrade (2nd Floor),HouseWallNBLogB,2.0.0,nMQa7rPp2Ft866nMa
white log exterior,,5000,Siding,5th House Upgrade (2nd Floor),HouseWallPB04LogB,2.0.0,ApQ35h6mnmdi25iW4
white panel siding,,5000,Siding,5th House Upgrade (2nd Floor),HouseWallNCWoodG,2.0.0,gWaWehTzbBqz5tS7T
white striped siding,,5000,Siding,5th House Upgrade (2nd Floor),HouseWallNAMetalA,2.0.0,j3zWLuerp3mcWhr4a
white stucco exterior,,5000,Siding,5th House Upgrade (2nd Floor),HouseWallPA04StuccoA,1.0.0,QkWc3tQAiWrNhewAw
white stucco exterior,,5000,Siding,5th House Upgrade (2nd Floor),HouseWallNBStuccoA,2.0.0,ENGNAgCSrnAz8ecq6
white stucco exterior,,5000,Siding,5th House Upgrade (2nd Floor),HouseWallPD04StuccoA,2.0.0,cfWMYhEY5RaRDLcuN
white stucco exterior,,5000,Siding,5th House Upgrade (2nd Floor),HouseWallNDStuccoA,2.0.0,bz4gXLXyCwCT8H7Sk
white two-tone exterior,,5000,Siding,5th House Upgrade (2nd Floor),HouseWallPD04SoilB,2.0.0,6dwacA4gLfamai6jk
yellow & green woodwork,,5000,Siding,5th House Upgrade (2nd Floor),HouseWallNDWoodB,2.0.0,xQ5Q5RKZ5DMufgfjm
yellow & green woodwork,,5000,Siding,5th House Upgrade (2nd Floor),HouseWallPD04WoodB,2.0.0,A3ZJ7JzrrjsXZZF9m
yellow & ochre panel siding,,5000,Siding,5th House Upgrade (2nd Floor),HouseWallPB04WoodsidngD,2.0.0,yCa5Tur8a2669hopn
yellow & white Asian siding,,5000,Siding,5th House Upgrade (2nd Floor),HouseWallNCOrientalC,2.0.0,E9ReAMTNmxtSr8SpE
yellow & white Asian siding,,5000,Siding,5th House Upgrade (2nd Floor),HouseWallPC04OrientalC,2.0.0,Fi2WahXNxBjJwadcy
yellow chalet exterior,,5000,Siding,5th House Upgrade (2nd Floor),HouseWallPA04WoodframeE,1.0.0,t7eP9mfhqemhFXnBh
yellow clay exterior,,5000,Siding,5th House Upgrade (2nd Floor),HouseWallNDSoilA,2.0.0,sGghant9wMantXqw7
yellow common exterior,,5000,Siding,5th House Upgrade (2nd Floor),HouseWallPA04StandardE,1.0.0,BGfRq5YPPAt93qsms
yellow log exterior,,5000,Siding,5th House Upgrade (2nd Floor),HouseWallPB04LogE,2.0.0,QotP3o6f54HD8fujT
yellow log exterior,,5000,Siding,5th House Upgrade (2nd Floor),HouseWallNBLogE,2.0.0,qWFo5ESr4YiSRwjLk
yellow striped siding,,5000,Siding,5th House Upgrade (2nd Floor),HouseWallNAMetalF,2.0.0,5gsDfPeZdQ6HaXLEJ
yellow stucco exterior,,5000,Siding,5th House Upgrade (2nd Floor),HouseWallPA04StuccoF,1.0.0,78XQwM8DMwK8YsJig
yellow stucco exterior,,5000,Siding,5th House Upgrade (2nd Floor),HouseWallNAStuccoD,2.0.0,BuyDh6eoYjsKAv9QQ
yellow stucco exterior,,5000,Siding,5th House Upgrade (2nd Floor),HouseWallPD04StuccoC,2.0.0,dgeqhkzf9RFR3MHqP
yellow stucco exterior,,5000,Siding,5th House Upgrade (2nd Floor),HouseWallNDStuccoC,2.0.0,ThkLS9YC4NaJrzkgv
yellow two-tone exterior,,5000,Siding,5th House Upgrade (2nd Floor),HouseWallPD04SoilA,2.0.0,dXR67qxGi2AmwNHcD
よくあるかべ,,5000,Siding,5th House Upgrade (2nd Floor),HouseWallPA02StandardA,2.0.0,DH8rXHLs2pDdLijtp
よくあるかべ,,5000,Siding,5th House Upgrade (2nd Floor),HouseWallPA03StandardA,2.0.0,xQsbC7idyLeaaLDfC
よくあるかべ,,5000,Siding,5th House Upgrade (2nd Floor),HouseWallPA00StandardA,2.0.0,mjqvXbH7cr3A6TDF5
よくあるかべ,,5000,Siding,5th House Upgrade (2nd Floor),HouseWallPA01StandardA,2.0.0,KzhwPpG4X5fLN9Tfx